"STATISTIC Label","Year","Age Group","Sex","UNIT","VALUE"
"Population Estimates (Persons in April)","1950","0 - 14 years","Male","Thousand","434.6"
"Population Estimates (Persons in April)","1950","0 - 14 years","Female","Thousand","416.6"
"Population Estimates (Persons in April)","1950","15 - 24 years","Male","Thousand","234.9"
"Population Estimates (Persons in April)","1950","15 - 24 years","Female","Thousand","217.7"
"Population Estimates (Persons in April)","1950","25 - 44 years","Male","Thousand","393.4"
"Population Estimates (Persons in April)","1950","25 - 44 years","Female","Thousand","380.2"
"Population Estimates (Persons in April)","1950","45 - 64 years","Male","Thousand","291.3"
"Population Estimates (Persons in April)","1950","45 - 64 years","Female","Thousand","283.2"
"Population Estimates (Persons in April)","1950","65 years and over","Male","Thousand","155.8"
"Population Estimates (Persons in April)","1950","65 years and over","Female","Thousand","161.3"
"Population Estimates (Persons in April)","1951","0 - 14 years","Male","Thousand","436.4"
"Population Estimates (Persons in April)","1951","0 - 14 years","Female","Thousand","418.4"
"Population Estimates (Persons in April)","1951","15 - 24 years","Male","Thousand","231.1"
"Population Estimates (Persons in April)","1951","15 - 24 years","Female","Thousand","212.2"
"Population Estimates (Persons in April)","1951","25 - 44 years","Male","Thousand","392.3"
"Population Estimates (Persons in April)","1951","25 - 44 years","Female","Thousand","378.9"
"Population Estimates (Persons in April)","1951","45 - 64 years","Male","Thousand","291.7"
"Population Estimates (Persons in April)","1951","45 - 64 years","Female","Thousand","283.1"
"Population Estimates (Persons in April)","1951","65 years and over","Male","Thousand","155"
"Population Estimates (Persons in April)","1951","65 years and over","Female","Thousand","161.4"
"Population Estimates (Persons in April)","1952","0 - 14 years","Male","Thousand","438.8"
"Population Estimates (Persons in April)","1952","0 - 14 years","Female","Thousand","420.8"
"Population Estimates (Persons in April)","1952","15 - 24 years","Male","Thousand","227.8"
"Population Estimates (Persons in April)","1952","15 - 24 years","Female","Thousand","209.7"
"Population Estimates (Persons in April)","1952","25 - 44 years","Male","Thousand","385.2"
"Population Estimates (Persons in April)","1952","25 - 44 years","Female","Thousand","375.1"
"Population Estimates (Persons in April)","1952","45 - 64 years","Male","Thousand","293.8"
"Population Estimates (Persons in April)","1952","45 - 64 years","Female","Thousand","284.8"
"Population Estimates (Persons in April)","1952","65 years and over","Male","Thousand","155.3"
"Population Estimates (Persons in April)","1952","65 years and over","Female","Thousand","161.6"
"Population Estimates (Persons in April)","1953","0 - 14 years","Male","Thousand","441.9"
"Population Estimates (Persons in April)","1953","0 - 14 years","Female","Thousand","423.4"
"Population Estimates (Persons in April)","1953","15 - 24 years","Male","Thousand","224.9"
"Population Estimates (Persons in April)","1953","15 - 24 years","Female","Thousand","207.4"
"Population Estimates (Persons in April)","1953","25 - 44 years","Male","Thousand","378.8"
"Population Estimates (Persons in April)","1953","25 - 44 years","Female","Thousand","371.8"
"Population Estimates (Persons in April)","1953","45 - 64 years","Male","Thousand","296.4"
"Population Estimates (Persons in April)","1953","45 - 64 years","Female","Thousand","286.6"
"Population Estimates (Persons in April)","1953","65 years and over","Male","Thousand","155.9"
"Population Estimates (Persons in April)","1953","65 years and over","Female","Thousand","161.9"
"Population Estimates (Persons in April)","1954","0 - 14 years","Male","Thousand","444.4"
"Population Estimates (Persons in April)","1954","0 - 14 years","Female","Thousand","425.6"
"Population Estimates (Persons in April)","1954","15 - 24 years","Male","Thousand","221.7"
"Population Estimates (Persons in April)","1954","15 - 24 years","Female","Thousand","204.8"
"Population Estimates (Persons in April)","1954","25 - 44 years","Male","Thousand","371.9"
"Population Estimates (Persons in April)","1954","25 - 44 years","Female","Thousand","367.8"
"Population Estimates (Persons in April)","1954","45 - 64 years","Male","Thousand","298.7"
"Population Estimates (Persons in April)","1954","45 - 64 years","Female","Thousand","288"
"Population Estimates (Persons in April)","1954","65 years and over","Male","Thousand","156.3"
"Population Estimates (Persons in April)","1954","65 years and over","Female","Thousand","162"
"Population Estimates (Persons in April)","1955","0 - 14 years","Male","Thousand","444.2"
"Population Estimates (Persons in April)","1955","0 - 14 years","Female","Thousand","426.8"
"Population Estimates (Persons in April)","1955","15 - 24 years","Male","Thousand","217.2"
"Population Estimates (Persons in April)","1955","15 - 24 years","Female","Thousand","201.8"
"Population Estimates (Persons in April)","1955","25 - 44 years","Male","Thousand","362.8"
"Population Estimates (Persons in April)","1955","25 - 44 years","Female","Thousand","363"
"Population Estimates (Persons in April)","1955","45 - 64 years","Male","Thousand","299.1"
"Population Estimates (Persons in April)","1955","45 - 64 years","Female","Thousand","288.3"
"Population Estimates (Persons in April)","1955","65 years and over","Male","Thousand","155.8"
"Population Estimates (Persons in April)","1955","65 years and over","Female","Thousand","161.9"
"Population Estimates (Persons in April)","1956","0 - 14 years","Male","Thousand","443.2"
"Population Estimates (Persons in April)","1956","0 - 14 years","Female","Thousand","427.6"
"Population Estimates (Persons in April)","1956","15 - 24 years","Male","Thousand","212.4"
"Population Estimates (Persons in April)","1956","15 - 24 years","Female","Thousand","198.8"
"Population Estimates (Persons in April)","1956","25 - 44 years","Male","Thousand","353.4"
"Population Estimates (Persons in April)","1956","25 - 44 years","Female","Thousand","358.2"
"Population Estimates (Persons in April)","1956","45 - 64 years","Male","Thousand","299"
"Population Estimates (Persons in April)","1956","45 - 64 years","Female","Thousand","289.3"
"Population Estimates (Persons in April)","1956","65 years and over","Male","Thousand","155.1"
"Population Estimates (Persons in April)","1956","65 years and over","Female","Thousand","161.5"
"Population Estimates (Persons in April)","1957","0 - 14 years","Male","Thousand","445.1"
"Population Estimates (Persons in April)","1957","0 - 14 years","Female","Thousand","428"
"Population Estimates (Persons in April)","1957","15 - 24 years","Male","Thousand","210.4"
"Population Estimates (Persons in April)","1957","15 - 24 years","Female","Thousand","197.3"
"Population Estimates (Persons in April)","1957","25 - 44 years","Male","Thousand","345.9"
"Population Estimates (Persons in April)","1957","25 - 44 years","Female","Thousand","350.8"
"Population Estimates (Persons in April)","1957","45 - 64 years","Male","Thousand","300.5"
"Population Estimates (Persons in April)","1957","45 - 64 years","Female","Thousand","290.7"
"Population Estimates (Persons in April)","1957","65 years and over","Male","Thousand","154.2"
"Population Estimates (Persons in April)","1957","65 years and over","Female","Thousand","162.4"
"Population Estimates (Persons in April)","1958","0 - 14 years","Male","Thousand","443.9"
"Population Estimates (Persons in April)","1958","0 - 14 years","Female","Thousand","425.6"
"Population Estimates (Persons in April)","1958","15 - 24 years","Male","Thousand","206.9"
"Population Estimates (Persons in April)","1958","15 - 24 years","Female","Thousand","194.6"
"Population Estimates (Persons in April)","1958","25 - 44 years","Male","Thousand","336.1"
"Population Estimates (Persons in April)","1958","25 - 44 years","Female","Thousand","341.3"
"Population Estimates (Persons in April)","1958","45 - 64 years","Male","Thousand","299.8"
"Population Estimates (Persons in April)","1958","45 - 64 years","Female","Thousand","290"
"Population Estimates (Persons in April)","1958","65 years and over","Male","Thousand","152.2"
"Population Estimates (Persons in April)","1958","65 years and over","Female","Thousand","162.3"
"Population Estimates (Persons in April)","1959","0 - 14 years","Male","Thousand","446.6"
"Population Estimates (Persons in April)","1959","0 - 14 years","Female","Thousand","426.9"
"Population Estimates (Persons in April)","1959","15 - 24 years","Male","Thousand","205"
"Population Estimates (Persons in April)","1959","15 - 24 years","Female","Thousand","193.6"
"Population Estimates (Persons in April)","1959","25 - 44 years","Male","Thousand","329.5"
"Population Estimates (Persons in April)","1959","25 - 44 years","Female","Thousand","334.9"
"Population Estimates (Persons in April)","1959","45 - 64 years","Male","Thousand","301.9"
"Population Estimates (Persons in April)","1959","45 - 64 years","Female","Thousand","292"
"Population Estimates (Persons in April)","1959","65 years and over","Male","Thousand","151.6"
"Population Estimates (Persons in April)","1959","65 years and over","Female","Thousand","163.6"
"Population Estimates (Persons in April)","1960","0 - 14 years","Male","Thousand","448.2"
"Population Estimates (Persons in April)","1960","0 - 14 years","Female","Thousand","427.3"
"Population Estimates (Persons in April)","1960","15 - 24 years","Male","Thousand","203.2"
"Population Estimates (Persons in April)","1960","15 - 24 years","Female","Thousand","192.2"
"Population Estimates (Persons in April)","1960","25 - 44 years","Male","Thousand","321.9"
"Population Estimates (Persons in April)","1960","25 - 44 years","Female","Thousand","327.8"
"Population Estimates (Persons in April)","1960","45 - 64 years","Male","Thousand","303.1"
"Population Estimates (Persons in April)","1960","45 - 64 years","Female","Thousand","293.3"
"Population Estimates (Persons in April)","1960","65 years and over","Male","Thousand","150.7"
"Population Estimates (Persons in April)","1960","65 years and over","Female","Thousand","164.4"
"Population Estimates (Persons in April)","1961","0 - 14 years","Male","Thousand","448.7"
"Population Estimates (Persons in April)","1961","0 - 14 years","Female","Thousand","428.5"
"Population Estimates (Persons in April)","1961","15 - 24 years","Male","Thousand","200.8"
"Population Estimates (Persons in April)","1961","15 - 24 years","Female","Thousand","191.1"
"Population Estimates (Persons in April)","1961","25 - 44 years","Male","Thousand","314"
"Population Estimates (Persons in April)","1961","25 - 44 years","Female","Thousand","321.3"
"Population Estimates (Persons in April)","1961","45 - 64 years","Male","Thousand","303.8"
"Population Estimates (Persons in April)","1961","45 - 64 years","Female","Thousand","295.2"
"Population Estimates (Persons in April)","1961","65 years and over","Male","Thousand","149.3"
"Population Estimates (Persons in April)","1961","65 years and over","Female","Thousand","165.8"
"Population Estimates (Persons in April)","1962","0 - 14 years","Male","Thousand","450.9"
"Population Estimates (Persons in April)","1962","0 - 14 years","Female","Thousand","430.6"
"Population Estimates (Persons in April)","1962","15 - 24 years","Male","Thousand","206.1"
"Population Estimates (Persons in April)","1962","15 - 24 years","Female","Thousand","196"
"Population Estimates (Persons in April)","1962","25 - 44 years","Male","Thousand","312.4"
"Population Estimates (Persons in April)","1962","25 - 44 years","Female","Thousand","318.3"
"Population Estimates (Persons in April)","1962","45 - 64 years","Male","Thousand","304"
"Population Estimates (Persons in April)","1962","45 - 64 years","Female","Thousand","295.3"
"Population Estimates (Persons in April)","1962","65 years and over","Male","Thousand","149.4"
"Population Estimates (Persons in April)","1962","65 years and over","Female","Thousand","167.1"
"Population Estimates (Persons in April)","1963","0 - 14 years","Male","Thousand","454"
"Population Estimates (Persons in April)","1963","0 - 14 years","Female","Thousand","434.1"
"Population Estimates (Persons in April)","1963","15 - 24 years","Male","Thousand","212"
"Population Estimates (Persons in April)","1963","15 - 24 years","Female","Thousand","201.5"
"Population Estimates (Persons in April)","1963","25 - 44 years","Male","Thousand","311.6"
"Population Estimates (Persons in April)","1963","25 - 44 years","Female","Thousand","316.3"
"Population Estimates (Persons in April)","1963","45 - 64 years","Male","Thousand","305.1"
"Population Estimates (Persons in April)","1963","45 - 64 years","Female","Thousand","296.4"
"Population Estimates (Persons in April)","1963","65 years and over","Male","Thousand","150"
"Population Estimates (Persons in April)","1963","65 years and over","Female","Thousand","169"
"Population Estimates (Persons in April)","1964","0 - 14 years","Male","Thousand","456.3"
"Population Estimates (Persons in April)","1964","0 - 14 years","Female","Thousand","436.7"
"Population Estimates (Persons in April)","1964","15 - 24 years","Male","Thousand","217.6"
"Population Estimates (Persons in April)","1964","15 - 24 years","Female","Thousand","206.7"
"Population Estimates (Persons in April)","1964","25 - 44 years","Male","Thousand","310.3"
"Population Estimates (Persons in April)","1964","25 - 44 years","Female","Thousand","313.6"
"Population Estimates (Persons in April)","1964","45 - 64 years","Male","Thousand","305.5"
"Population Estimates (Persons in April)","1964","45 - 64 years","Female","Thousand","296.6"
"Population Estimates (Persons in April)","1964","65 years and over","Male","Thousand","150.1"
"Population Estimates (Persons in April)","1964","65 years and over","Female","Thousand","170.4"
"Population Estimates (Persons in April)","1965","0 - 14 years","Male","Thousand","458.3"
"Population Estimates (Persons in April)","1965","0 - 14 years","Female","Thousand","438.9"
"Population Estimates (Persons in April)","1965","15 - 24 years","Male","Thousand","223"
"Population Estimates (Persons in April)","1965","15 - 24 years","Female","Thousand","211.7"
"Population Estimates (Persons in April)","1965","25 - 44 years","Male","Thousand","308.7"
"Population Estimates (Persons in April)","1965","25 - 44 years","Female","Thousand","310.7"
"Population Estimates (Persons in April)","1965","45 - 64 years","Male","Thousand","305.7"
"Population Estimates (Persons in April)","1965","45 - 64 years","Female","Thousand","296.9"
"Population Estimates (Persons in April)","1965","65 years and over","Male","Thousand","150.1"
"Population Estimates (Persons in April)","1965","65 years and over","Female","Thousand","171.8"
"Population Estimates (Persons in April)","1966","0 - 14 years","Male","Thousand","459.4"
"Population Estimates (Persons in April)","1966","0 - 14 years","Female","Thousand","441"
"Population Estimates (Persons in April)","1966","15 - 24 years","Male","Thousand","228.1"
"Population Estimates (Persons in April)","1966","15 - 24 years","Female","Thousand","216.6"
"Population Estimates (Persons in April)","1966","25 - 44 years","Male","Thousand","306.2"
"Population Estimates (Persons in April)","1966","25 - 44 years","Female","Thousand","307.4"
"Population Estimates (Persons in April)","1966","45 - 64 years","Male","Thousand","305.4"
"Population Estimates (Persons in April)","1966","45 - 64 years","Female","Thousand","297"
"Population Estimates (Persons in April)","1966","65 years and over","Male","Thousand","149.9"
"Population Estimates (Persons in April)","1966","65 years and over","Female","Thousand","173.1"
"Population Estimates (Persons in April)","1967","0 - 14 years","Male","Thousand","462.1"
"Population Estimates (Persons in April)","1967","0 - 14 years","Female","Thousand","443.2"
"Population Estimates (Persons in April)","1967","15 - 24 years","Male","Thousand","231.5"
"Population Estimates (Persons in April)","1967","15 - 24 years","Female","Thousand","220.2"
"Population Estimates (Persons in April)","1967","25 - 44 years","Male","Thousand","308.1"
"Population Estimates (Persons in April)","1967","25 - 44 years","Female","Thousand","307.6"
"Population Estimates (Persons in April)","1967","45 - 64 years","Male","Thousand","305.4"
"Population Estimates (Persons in April)","1967","45 - 64 years","Female","Thousand","297.5"
"Population Estimates (Persons in April)","1967","65 years and over","Male","Thousand","149.9"
"Population Estimates (Persons in April)","1967","65 years and over","Female","Thousand","174.2"
"Population Estimates (Persons in April)","1968","0 - 14 years","Male","Thousand","464.3"
"Population Estimates (Persons in April)","1968","0 - 14 years","Female","Thousand","445.1"
"Population Estimates (Persons in April)","1968","15 - 24 years","Male","Thousand","234.8"
"Population Estimates (Persons in April)","1968","15 - 24 years","Female","Thousand","223.5"
"Population Estimates (Persons in April)","1968","25 - 44 years","Male","Thousand","309.7"
"Population Estimates (Persons in April)","1968","25 - 44 years","Female","Thousand","307.2"
"Population Estimates (Persons in April)","1968","45 - 64 years","Male","Thousand","304.8"
"Population Estimates (Persons in April)","1968","45 - 64 years","Female","Thousand","297.9"
"Population Estimates (Persons in April)","1968","65 years and over","Male","Thousand","149.9"
"Population Estimates (Persons in April)","1968","65 years and over","Female","Thousand","175"
"Population Estimates (Persons in April)","1969","0 - 14 years","Male","Thousand","466.3"
"Population Estimates (Persons in April)","1969","0 - 14 years","Female","Thousand","447"
"Population Estimates (Persons in April)","1969","15 - 24 years","Male","Thousand","237.9"
"Population Estimates (Persons in April)","1969","15 - 24 years","Female","Thousand","227"
"Population Estimates (Persons in April)","1969","25 - 44 years","Male","Thousand","311"
"Population Estimates (Persons in April)","1969","25 - 44 years","Female","Thousand","307.1"
"Population Estimates (Persons in April)","1969","45 - 64 years","Male","Thousand","304.6"
"Population Estimates (Persons in April)","1969","45 - 64 years","Female","Thousand","298.3"
"Population Estimates (Persons in April)","1969","65 years and over","Male","Thousand","150.2"
"Population Estimates (Persons in April)","1969","65 years and over","Female","Thousand","175.8"
"Population Estimates (Persons in April)","1970","0 - 14 years","Male","Thousand","470.6"
"Population Estimates (Persons in April)","1970","0 - 14 years","Female","Thousand","450.6"
"Population Estimates (Persons in April)","1970","15 - 24 years","Male","Thousand","242.1"
"Population Estimates (Persons in April)","1970","15 - 24 years","Female","Thousand","231.3"
"Population Estimates (Persons in April)","1970","25 - 44 years","Male","Thousand","313.5"
"Population Estimates (Persons in April)","1970","25 - 44 years","Female","Thousand","308.2"
"Population Estimates (Persons in April)","1970","45 - 64 years","Male","Thousand","305.1"
"Population Estimates (Persons in April)","1970","45 - 64 years","Female","Thousand","300"
"Population Estimates (Persons in April)","1970","65 years and over","Male","Thousand","150.6"
"Population Estimates (Persons in April)","1970","65 years and over","Female","Thousand","177.9"
"Population Estimates (Persons in April)","1971","0 - 14 years","Male","Thousand","475.8"
"Population Estimates (Persons in April)","1971","0 - 14 years","Female","Thousand","455.4"
"Population Estimates (Persons in April)","1971","15 - 24 years","Male","Thousand","246.7"
"Population Estimates (Persons in April)","1971","15 - 24 years","Female","Thousand","236.2"
"Population Estimates (Persons in April)","1971","25 - 44 years","Male","Thousand","316.5"
"Population Estimates (Persons in April)","1971","25 - 44 years","Female","Thousand","309.7"
"Population Estimates (Persons in April)","1971","45 - 64 years","Male","Thousand","306.1"
"Population Estimates (Persons in April)","1971","45 - 64 years","Female","Thousand","302"
"Population Estimates (Persons in April)","1971","65 years and over","Male","Thousand","150.6"
"Population Estimates (Persons in April)","1971","65 years and over","Female","Thousand","179.2"
"Population Estimates (Persons in April)","1972","0 - 14 years","Male","Thousand","482"
"Population Estimates (Persons in April)","1972","0 - 14 years","Female","Thousand","461"
"Population Estimates (Persons in April)","1972","15 - 24 years","Male","Thousand","252.7"
"Population Estimates (Persons in April)","1972","15 - 24 years","Female","Thousand","242"
"Population Estimates (Persons in April)","1972","25 - 44 years","Male","Thousand","327"
"Population Estimates (Persons in April)","1972","25 - 44 years","Female","Thousand","318.9"
"Population Estimates (Persons in April)","1972","45 - 64 years","Male","Thousand","305.3"
"Population Estimates (Persons in April)","1972","45 - 64 years","Female","Thousand","301.9"
"Population Estimates (Persons in April)","1972","65 years and over","Male","Thousand","152"
"Population Estimates (Persons in April)","1972","65 years and over","Female","Thousand","181.5"
"Population Estimates (Persons in April)","1973","0 - 14 years","Male","Thousand","488.6"
"Population Estimates (Persons in April)","1973","0 - 14 years","Female","Thousand","467"
"Population Estimates (Persons in April)","1973","15 - 24 years","Male","Thousand","258.9"
"Population Estimates (Persons in April)","1973","15 - 24 years","Female","Thousand","248"
"Population Estimates (Persons in April)","1973","25 - 44 years","Male","Thousand","337.9"
"Population Estimates (Persons in April)","1973","25 - 44 years","Female","Thousand","328.6"
"Population Estimates (Persons in April)","1973","45 - 64 years","Male","Thousand","304.6"
"Population Estimates (Persons in April)","1973","45 - 64 years","Female","Thousand","301.8"
"Population Estimates (Persons in April)","1973","65 years and over","Male","Thousand","153.6"
"Population Estimates (Persons in April)","1973","65 years and over","Female","Thousand","184"
"Population Estimates (Persons in April)","1974","0 - 14 years","Male","Thousand","495.5"
"Population Estimates (Persons in April)","1974","0 - 14 years","Female","Thousand","473.3"
"Population Estimates (Persons in April)","1974","15 - 24 years","Male","Thousand","265.4"
"Population Estimates (Persons in April)","1974","15 - 24 years","Female","Thousand","254.3"
"Population Estimates (Persons in April)","1974","25 - 44 years","Male","Thousand","349.3"
"Population Estimates (Persons in April)","1974","25 - 44 years","Female","Thousand","338.6"
"Population Estimates (Persons in April)","1974","45 - 64 years","Male","Thousand","303.9"
"Population Estimates (Persons in April)","1974","45 - 64 years","Female","Thousand","301.7"
"Population Estimates (Persons in April)","1974","65 years and over","Male","Thousand","155.2"
"Population Estimates (Persons in April)","1974","65 years and over","Female","Thousand","186.3"
"Population Estimates (Persons in April)","1975","0 - 14 years","Male","Thousand","502.9"
"Population Estimates (Persons in April)","1975","0 - 14 years","Female","Thousand","479.8"
"Population Estimates (Persons in April)","1975","15 - 24 years","Male","Thousand","272.2"
"Population Estimates (Persons in April)","1975","15 - 24 years","Female","Thousand","260.8"
"Population Estimates (Persons in April)","1975","25 - 44 years","Male","Thousand","361.4"
"Population Estimates (Persons in April)","1975","25 - 44 years","Female","Thousand","349"
"Population Estimates (Persons in April)","1975","45 - 64 years","Male","Thousand","303.4"
"Population Estimates (Persons in April)","1975","45 - 64 years","Female","Thousand","301.8"
"Population Estimates (Persons in April)","1975","65 years and over","Male","Thousand","157.1"
"Population Estimates (Persons in April)","1975","65 years and over","Female","Thousand","188.9"
"Population Estimates (Persons in April)","1976","0 - 14 years","Male","Thousand","509.7"
"Population Estimates (Persons in April)","1976","0 - 14 years","Female","Thousand","485.7"
"Population Estimates (Persons in April)","1976","15 - 24 years","Male","Thousand","278.8"
"Population Estimates (Persons in April)","1976","15 - 24 years","Female","Thousand","267"
"Population Estimates (Persons in April)","1976","25 - 44 years","Male","Thousand","373.2"
"Population Estimates (Persons in April)","1976","25 - 44 years","Female","Thousand","359.2"
"Population Estimates (Persons in April)","1976","45 - 64 years","Male","Thousand","302.4"
"Population Estimates (Persons in April)","1976","45 - 64 years","Female","Thousand","301.5"
"Population Estimates (Persons in April)","1976","65 years and over","Male","Thousand","158.7"
"Population Estimates (Persons in April)","1976","65 years and over","Female","Thousand","191.5"
"Population Estimates (Persons in April)","1977","0 - 14 years","Male","Thousand","515.1"
"Population Estimates (Persons in April)","1977","0 - 14 years","Female","Thousand","490.9"
"Population Estimates (Persons in April)","1977","15 - 24 years","Male","Thousand","284.9"
"Population Estimates (Persons in April)","1977","15 - 24 years","Female","Thousand","272.9"
"Population Estimates (Persons in April)","1977","25 - 44 years","Male","Thousand","384.3"
"Population Estimates (Persons in April)","1977","25 - 44 years","Female","Thousand","369"
"Population Estimates (Persons in April)","1977","45 - 64 years","Male","Thousand","300.7"
"Population Estimates (Persons in April)","1977","45 - 64 years","Female","Thousand","300.4"
"Population Estimates (Persons in April)","1977","65 years and over","Male","Thousand","160"
"Population Estimates (Persons in April)","1977","65 years and over","Female","Thousand","193.7"
"Population Estimates (Persons in April)","1978","0 - 14 years","Male","Thousand","520.3"
"Population Estimates (Persons in April)","1978","0 - 14 years","Female","Thousand","495.8"
"Population Estimates (Persons in April)","1978","15 - 24 years","Male","Thousand","290.7"
"Population Estimates (Persons in April)","1978","15 - 24 years","Female","Thousand","278.8"
"Population Estimates (Persons in April)","1978","25 - 44 years","Male","Thousand","395.2"
"Population Estimates (Persons in April)","1978","25 - 44 years","Female","Thousand","378.7"
"Population Estimates (Persons in April)","1978","45 - 64 years","Male","Thousand","298.5"
"Population Estimates (Persons in April)","1978","45 - 64 years","Female","Thousand","299.1"
"Population Estimates (Persons in April)","1978","65 years and over","Male","Thousand","161.2"
"Population Estimates (Persons in April)","1978","65 years and over","Female","Thousand","195.9"
"Population Estimates (Persons in April)","1979","0 - 14 years","Male","Thousand","527"
"Population Estimates (Persons in April)","1979","0 - 14 years","Female","Thousand","502.9"
"Population Estimates (Persons in April)","1979","15 - 24 years","Male","Thousand","298.1"
"Population Estimates (Persons in April)","1979","15 - 24 years","Female","Thousand","285.6"
"Population Estimates (Persons in April)","1979","25 - 44 years","Male","Thousand","407.9"
"Population Estimates (Persons in April)","1979","25 - 44 years","Female","Thousand","389.5"
"Population Estimates (Persons in April)","1979","45 - 64 years","Male","Thousand","297.3"
"Population Estimates (Persons in April)","1979","45 - 64 years","Female","Thousand","298.6"
"Population Estimates (Persons in April)","1979","65 years and over","Male","Thousand","163"
"Population Estimates (Persons in April)","1979","65 years and over","Female","Thousand","198.4"
"Population Estimates (Persons in April)","1980","0 - 14 years","Male","Thousand","530.6"
"Population Estimates (Persons in April)","1980","0 - 14 years","Female","Thousand","504.9"
"Population Estimates (Persons in April)","1980","15 - 24 years","Male","Thousand","302.2"
"Population Estimates (Persons in April)","1980","15 - 24 years","Female","Thousand","290.1"
"Population Estimates (Persons in April)","1980","25 - 44 years","Male","Thousand","416.9"
"Population Estimates (Persons in April)","1980","25 - 44 years","Female","Thousand","399.4"
"Population Estimates (Persons in April)","1980","45 - 64 years","Male","Thousand","295.5"
"Population Estimates (Persons in April)","1980","45 - 64 years","Female","Thousand","296.9"
"Population Estimates (Persons in April)","1980","65 years and over","Male","Thousand","163.8"
"Population Estimates (Persons in April)","1980","65 years and over","Female","Thousand","200.7"
"Population Estimates (Persons in April)","1981","0 - 14 years","Male","Thousand","535.4"
"Population Estimates (Persons in April)","1981","0 - 14 years","Female","Thousand","508.3"
"Population Estimates (Persons in April)","1981","15 - 24 years","Male","Thousand","307.1"
"Population Estimates (Persons in April)","1981","15 - 24 years","Female","Thousand","295.4"
"Population Estimates (Persons in April)","1981","25 - 44 years","Male","Thousand","427.3"
"Population Estimates (Persons in April)","1981","25 - 44 years","Female","Thousand","410.5"
"Population Estimates (Persons in April)","1981","45 - 64 years","Male","Thousand","294.4"
"Population Estimates (Persons in April)","1981","45 - 64 years","Female","Thousand","296"
"Population Estimates (Persons in April)","1981","65 years and over","Male","Thousand","165.2"
"Population Estimates (Persons in April)","1981","65 years and over","Female","Thousand","203.8"
"Population Estimates (Persons in April)","1982","0 - 14 years","Male","Thousand","536.3"
"Population Estimates (Persons in April)","1982","0 - 14 years","Female","Thousand","509.1"
"Population Estimates (Persons in April)","1982","15 - 24 years","Male","Thousand","310.1"
"Population Estimates (Persons in April)","1982","15 - 24 years","Female","Thousand","298.7"
"Population Estimates (Persons in April)","1982","25 - 44 years","Male","Thousand","437.1"
"Population Estimates (Persons in April)","1982","25 - 44 years","Female","Thousand","421.7"
"Population Estimates (Persons in April)","1982","45 - 64 years","Male","Thousand","295.8"
"Population Estimates (Persons in April)","1982","45 - 64 years","Female","Thousand","297.4"
"Population Estimates (Persons in April)","1982","65 years and over","Male","Thousand","166.7"
"Population Estimates (Persons in April)","1982","65 years and over","Female","Thousand","207.1"
"Population Estimates (Persons in April)","1983","0 - 14 years","Male","Thousand","535"
"Population Estimates (Persons in April)","1983","0 - 14 years","Female","Thousand","508"
"Population Estimates (Persons in April)","1983","15 - 24 years","Male","Thousand","311.9"
"Population Estimates (Persons in April)","1983","15 - 24 years","Female","Thousand","300.6"
"Population Estimates (Persons in April)","1983","25 - 44 years","Male","Thousand","445.2"
"Population Estimates (Persons in April)","1983","25 - 44 years","Female","Thousand","431.6"
"Population Estimates (Persons in April)","1983","45 - 64 years","Male","Thousand","296.6"
"Population Estimates (Persons in April)","1983","45 - 64 years","Female","Thousand","297.8"
"Population Estimates (Persons in April)","1983","65 years and over","Male","Thousand","167.6"
"Population Estimates (Persons in April)","1983","65 years and over","Female","Thousand","209.7"
"Population Estimates (Persons in April)","1984","0 - 14 years","Male","Thousand","533.8"
"Population Estimates (Persons in April)","1984","0 - 14 years","Female","Thousand","506.8"
"Population Estimates (Persons in April)","1984","15 - 24 years","Male","Thousand","313.8"
"Population Estimates (Persons in April)","1984","15 - 24 years","Female","Thousand","302.8"
"Population Estimates (Persons in April)","1984","25 - 44 years","Male","Thousand","453.7"
"Population Estimates (Persons in April)","1984","25 - 44 years","Female","Thousand","441.7"
"Population Estimates (Persons in April)","1984","45 - 64 years","Male","Thousand","297.4"
"Population Estimates (Persons in April)","1984","45 - 64 years","Female","Thousand","298.3"
"Population Estimates (Persons in April)","1984","65 years and over","Male","Thousand","168.3"
"Population Estimates (Persons in April)","1984","65 years and over","Female","Thousand","212.4"
"Population Estimates (Persons in April)","1985","0 - 14 years","Male","Thousand","530.5"
"Population Estimates (Persons in April)","1985","0 - 14 years","Female","Thousand","503.8"
"Population Estimates (Persons in April)","1985","15 - 24 years","Male","Thousand","314.4"
"Population Estimates (Persons in April)","1985","15 - 24 years","Female","Thousand","303.6"
"Population Estimates (Persons in April)","1985","25 - 44 years","Male","Thousand","460.5"
"Population Estimates (Persons in April)","1985","25 - 44 years","Female","Thousand","449.9"
"Population Estimates (Persons in April)","1985","45 - 64 years","Male","Thousand","297"
"Population Estimates (Persons in April)","1985","45 - 64 years","Female","Thousand","297.5"
"Population Estimates (Persons in April)","1985","65 years and over","Male","Thousand","168.6"
"Population Estimates (Persons in April)","1985","65 years and over","Female","Thousand","214.2"
"Population Estimates (Persons in April)","1986","0 - 14 years","Male","Thousand","525.6"
"Population Estimates (Persons in April)","1986","0 - 14 years","Female","Thousand","499.1"
"Population Estimates (Persons in April)","1986","15 - 24 years","Male","Thousand","314"
"Population Estimates (Persons in April)","1986","15 - 24 years","Female","Thousand","303.5"
"Population Estimates (Persons in April)","1986","25 - 44 years","Male","Thousand","465.7"
"Population Estimates (Persons in April)","1986","25 - 44 years","Female","Thousand","457"
"Population Estimates (Persons in April)","1986","45 - 64 years","Male","Thousand","295.7"
"Population Estimates (Persons in April)","1986","45 - 64 years","Female","Thousand","295.8"
"Population Estimates (Persons in April)","1986","65 years and over","Male","Thousand","168.7"
"Population Estimates (Persons in April)","1986","65 years and over","Female","Thousand","215.6"
"Population Estimates (Persons in April)","1987","0 - 14 years","Male","Thousand","520.5"
"Population Estimates (Persons in April)","1987","0 - 14 years","Female","Thousand","493.9"
"Population Estimates (Persons in April)","1987","15 - 24 years","Male","Thousand","313"
"Population Estimates (Persons in April)","1987","15 - 24 years","Female","Thousand","302.8"
"Population Estimates (Persons in April)","1987","25 - 44 years","Male","Thousand","470.7"
"Population Estimates (Persons in April)","1987","25 - 44 years","Female","Thousand","465.2"
"Population Estimates (Persons in April)","1987","45 - 64 years","Male","Thousand","296.2"
"Population Estimates (Persons in April)","1987","45 - 64 years","Female","Thousand","295.8"
"Population Estimates (Persons in April)","1987","65 years and over","Male","Thousand","169.7"
"Population Estimates (Persons in April)","1987","65 years and over","Female","Thousand","218.5"
"Population Estimates (Persons in April)","1988","0 - 14 years","Male","Thousand","509.7"
"Population Estimates (Persons in April)","1988","0 - 14 years","Female","Thousand","484.1"
"Population Estimates (Persons in April)","1988","15 - 24 years","Male","Thousand","308.9"
"Population Estimates (Persons in April)","1988","15 - 24 years","Female","Thousand","299.9"
"Population Estimates (Persons in April)","1988","25 - 44 years","Male","Thousand","470.3"
"Population Estimates (Persons in April)","1988","25 - 44 years","Female","Thousand","468.8"
"Population Estimates (Persons in April)","1988","45 - 64 years","Male","Thousand","298.3"
"Population Estimates (Persons in April)","1988","45 - 64 years","Female","Thousand","297.3"
"Population Estimates (Persons in April)","1988","65 years and over","Male","Thousand","171.5"
"Population Estimates (Persons in April)","1988","65 years and over","Female","Thousand","221.8"
"Population Estimates (Persons in April)","1989","0 - 14 years","Male","Thousand","499.4"
"Population Estimates (Persons in April)","1989","0 - 14 years","Female","Thousand","474"
"Population Estimates (Persons in April)","1989","15 - 24 years","Male","Thousand","303.2"
"Population Estimates (Persons in April)","1989","15 - 24 years","Female","Thousand","294.4"
"Population Estimates (Persons in April)","1989","25 - 44 years","Male","Thousand","468.5"
"Population Estimates (Persons in April)","1989","25 - 44 years","Female","Thousand","472.6"
"Population Estimates (Persons in April)","1989","45 - 64 years","Male","Thousand","300.2"
"Population Estimates (Persons in April)","1989","45 - 64 years","Female","Thousand","299.6"
"Population Estimates (Persons in April)","1989","65 years and over","Male","Thousand","172.7"
"Population Estimates (Persons in April)","1989","65 years and over","Female","Thousand","224.9"
"Population Estimates (Persons in April)","1990","0 - 14 years","Male","Thousand","489.7"
"Population Estimates (Persons in April)","1990","0 - 14 years","Female","Thousand","464.8"
"Population Estimates (Persons in April)","1990","15 - 24 years","Male","Thousand","303.1"
"Population Estimates (Persons in April)","1990","15 - 24 years","Female","Thousand","291"
"Population Estimates (Persons in April)","1990","25 - 44 years","Male","Thousand","471.8"
"Population Estimates (Persons in April)","1990","25 - 44 years","Female","Thousand","477.3"
"Population Estimates (Persons in April)","1990","45 - 64 years","Male","Thousand","304.8"
"Population Estimates (Persons in April)","1990","45 - 64 years","Female","Thousand","303.2"
"Population Estimates (Persons in April)","1990","65 years and over","Male","Thousand","173.3"
"Population Estimates (Persons in April)","1990","65 years and over","Female","Thousand","226.7"
"Population Estimates (Persons in April)","1991","0 - 14 years","Male","Thousand","482.8"
"Population Estimates (Persons in April)","1991","0 - 14 years","Female","Thousand","457.7"
"Population Estimates (Persons in April)","1991","15 - 24 years","Male","Thousand","307.9"
"Population Estimates (Persons in April)","1991","15 - 24 years","Female","Thousand","293.7"
"Population Estimates (Persons in April)","1991","25 - 44 years","Male","Thousand","476.4"
"Population Estimates (Persons in April)","1991","25 - 44 years","Female","Thousand","482.6"
"Population Estimates (Persons in April)","1991","45 - 64 years","Male","Thousand","312.6"
"Population Estimates (Persons in April)","1991","45 - 64 years","Female","Thousand","309.1"
"Population Estimates (Persons in April)","1991","65 years and over","Male","Thousand","173.7"
"Population Estimates (Persons in April)","1991","65 years and over","Female","Thousand","229.2"
"Population Estimates (Persons in April)","1992","0 - 14 years","Male","Thousand","478.1"
"Population Estimates (Persons in April)","1992","0 - 14 years","Female","Thousand","452.8"
"Population Estimates (Persons in April)","1992","15 - 24 years","Male","Thousand","313"
"Population Estimates (Persons in April)","1992","15 - 24 years","Female","Thousand","297.2"
"Population Estimates (Persons in April)","1992","25 - 44 years","Male","Thousand","481.6"
"Population Estimates (Persons in April)","1992","25 - 44 years","Female","Thousand","489.1"
"Population Estimates (Persons in April)","1992","45 - 64 years","Male","Thousand","321.3"
"Population Estimates (Persons in April)","1992","45 - 64 years","Female","Thousand","315.8"
"Population Estimates (Persons in April)","1992","65 years and over","Male","Thousand","174.6"
"Population Estimates (Persons in April)","1992","65 years and over","Female","Thousand","231.3"
"Population Estimates (Persons in April)","1993","0 - 14 years","Male","Thousand","470.9"
"Population Estimates (Persons in April)","1993","0 - 14 years","Female","Thousand","446"
"Population Estimates (Persons in April)","1993","15 - 24 years","Male","Thousand","316.2"
"Population Estimates (Persons in April)","1993","15 - 24 years","Female","Thousand","299.6"
"Population Estimates (Persons in April)","1993","25 - 44 years","Male","Thousand","485.4"
"Population Estimates (Persons in April)","1993","25 - 44 years","Female","Thousand","493.6"
"Population Estimates (Persons in April)","1993","45 - 64 years","Male","Thousand","330.4"
"Population Estimates (Persons in April)","1993","45 - 64 years","Female","Thousand","324"
"Population Estimates (Persons in April)","1993","65 years and over","Male","Thousand","175.1"
"Population Estimates (Persons in April)","1993","65 years and over","Female","Thousand","232.8"
"Population Estimates (Persons in April)","1994","0 - 14 years","Male","Thousand","462.4"
"Population Estimates (Persons in April)","1994","0 - 14 years","Female","Thousand","436.4"
"Population Estimates (Persons in April)","1994","15 - 24 years","Male","Thousand","318.1"
"Population Estimates (Persons in April)","1994","15 - 24 years","Female","Thousand","303"
"Population Estimates (Persons in April)","1994","25 - 44 years","Male","Thousand","489.1"
"Population Estimates (Persons in April)","1994","25 - 44 years","Female","Thousand","497.4"
"Population Estimates (Persons in April)","1994","45 - 64 years","Male","Thousand","338.7"
"Population Estimates (Persons in April)","1994","45 - 64 years","Female","Thousand","332.5"
"Population Estimates (Persons in April)","1994","65 years and over","Male","Thousand","175.2"
"Population Estimates (Persons in April)","1994","65 years and over","Female","Thousand","233.5"
"Population Estimates (Persons in April)","1995","0 - 14 years","Male","Thousand","451.3"
"Population Estimates (Persons in April)","1995","0 - 14 years","Female","Thousand","426.5"
"Population Estimates (Persons in April)","1995","15 - 24 years","Male","Thousand","319.4"
"Population Estimates (Persons in April)","1995","15 - 24 years","Female","Thousand","306.3"
"Population Estimates (Persons in April)","1995","25 - 44 years","Male","Thousand","495.4"
"Population Estimates (Persons in April)","1995","25 - 44 years","Female","Thousand","504.2"
"Population Estimates (Persons in April)","1995","45 - 64 years","Male","Thousand","346.2"
"Population Estimates (Persons in April)","1995","45 - 64 years","Female","Thousand","340.7"
"Population Estimates (Persons in April)","1995","65 years and over","Male","Thousand","176.1"
"Population Estimates (Persons in April)","1995","65 years and over","Female","Thousand","235.3"
"Population Estimates (Persons in April)","1996","0 - 14 years","Male","Thousand","441.5"
"Population Estimates (Persons in April)","1996","0 - 14 years","Female","Thousand","418"
"Population Estimates (Persons in April)","1996","15 - 24 years","Male","Thousand","323.1"
"Population Estimates (Persons in April)","1996","15 - 24 years","Female","Thousand","309.8"
"Population Estimates (Persons in April)","1996","25 - 44 years","Male","Thousand","503.3"
"Population Estimates (Persons in April)","1996","25 - 44 years","Female","Thousand","512.8"
"Population Estimates (Persons in April)","1996","45 - 64 years","Male","Thousand","355.1"
"Population Estimates (Persons in April)","1996","45 - 64 years","Female","Thousand","348.7"
"Population Estimates (Persons in April)","1996","65 years and over","Male","Thousand","177.3"
"Population Estimates (Persons in April)","1996","65 years and over","Female","Thousand","236.6"
"Population Estimates (Persons in April)","1997","0 - 14 years","Male","Thousand","434.4"
"Population Estimates (Persons in April)","1997","0 - 14 years","Female","Thousand","411.5"
"Population Estimates (Persons in April)","1997","15 - 24 years","Male","Thousand","327.5"
"Population Estimates (Persons in April)","1997","15 - 24 years","Female","Thousand","313.4"
"Population Estimates (Persons in April)","1997","25 - 44 years","Male","Thousand","513.9"
"Population Estimates (Persons in April)","1997","25 - 44 years","Female","Thousand","523.7"
"Population Estimates (Persons in April)","1997","45 - 64 years","Male","Thousand","365"
"Population Estimates (Persons in April)","1997","45 - 64 years","Female","Thousand","358.6"
"Population Estimates (Persons in April)","1997","65 years and over","Male","Thousand","178.6"
"Population Estimates (Persons in April)","1997","65 years and over","Female","Thousand","237.7"
"Population Estimates (Persons in April)","1998","0 - 14 years","Male","Thousand","429.3"
"Population Estimates (Persons in April)","1998","0 - 14 years","Female","Thousand","406.5"
"Population Estimates (Persons in April)","1998","15 - 24 years","Male","Thousand","328.1"
"Population Estimates (Persons in April)","1998","15 - 24 years","Female","Thousand","314.7"
"Population Estimates (Persons in April)","1998","25 - 44 years","Male","Thousand","525.4"
"Population Estimates (Persons in April)","1998","25 - 44 years","Female","Thousand","533.4"
"Population Estimates (Persons in April)","1998","45 - 64 years","Male","Thousand","375.6"
"Population Estimates (Persons in April)","1998","45 - 64 years","Female","Thousand","370"
"Population Estimates (Persons in April)","1998","65 years and over","Male","Thousand","180.6"
"Population Estimates (Persons in April)","1998","65 years and over","Female","Thousand","239.7"
"Population Estimates (Persons in April)","1999","0 - 14 years","Male","Thousand","426.7"
"Population Estimates (Persons in April)","1999","0 - 14 years","Female","Thousand","403.9"
"Population Estimates (Persons in April)","1999","15 - 24 years","Male","Thousand","327.5"
"Population Estimates (Persons in April)","1999","15 - 24 years","Female","Thousand","315"
"Population Estimates (Persons in April)","1999","25 - 44 years","Male","Thousand","537.1"
"Population Estimates (Persons in April)","1999","25 - 44 years","Female","Thousand","543.7"
"Population Estimates (Persons in April)","1999","45 - 64 years","Male","Thousand","385.7"
"Population Estimates (Persons in April)","1999","45 - 64 years","Female","Thousand","380.2"
"Population Estimates (Persons in April)","1999","65 years and over","Male","Thousand","181.6"
"Population Estimates (Persons in April)","1999","65 years and over","Female","Thousand","240.3"
"Population Estimates (Persons in April)","2000","0 - 14 years","Male","Thousand","425.2"
"Population Estimates (Persons in April)","2000","0 - 14 years","Female","Thousand","402.9"
"Population Estimates (Persons in April)","2000","15 - 24 years","Male","Thousand","326.3"
"Population Estimates (Persons in April)","2000","15 - 24 years","Female","Thousand","315"
"Population Estimates (Persons in April)","2000","25 - 44 years","Male","Thousand","551.4"
"Population Estimates (Persons in April)","2000","25 - 44 years","Female","Thousand","556.2"
"Population Estimates (Persons in April)","2000","45 - 64 years","Male","Thousand","396.9"
"Population Estimates (Persons in April)","2000","45 - 64 years","Female","Thousand","391.1"
"Population Estimates (Persons in April)","2000","65 years and over","Male","Thousand","183.2"
"Population Estimates (Persons in April)","2000","65 years and over","Female","Thousand","241.5"
"Population Estimates (Persons in April)","2001","0 - 14 years","Male","Thousand","424.9"
"Population Estimates (Persons in April)","2001","0 - 14 years","Female","Thousand","402.6"
"Population Estimates (Persons in April)","2001","15 - 24 years","Male","Thousand","324.8"
"Population Estimates (Persons in April)","2001","15 - 24 years","Female","Thousand","313.2"
"Population Estimates (Persons in April)","2001","25 - 44 years","Male","Thousand","569.5"
"Population Estimates (Persons in April)","2001","25 - 44 years","Female","Thousand","572.6"
"Population Estimates (Persons in April)","2001","45 - 64 years","Male","Thousand","407.8"
"Population Estimates (Persons in April)","2001","45 - 64 years","Female","Thousand","401.9"
"Population Estimates (Persons in April)","2001","65 years and over","Male","Thousand","186"
"Population Estimates (Persons in April)","2001","65 years and over","Female","Thousand","243.8"
"Population Estimates (Persons in April)","2002","0 - 14 years","Male","Thousand","424"
"Population Estimates (Persons in April)","2002","0 - 14 years","Female","Thousand","403.4"
"Population Estimates (Persons in April)","2002","15 - 24 years","Male","Thousand","325.7"
"Population Estimates (Persons in April)","2002","15 - 24 years","Female","Thousand","315.8"
"Population Estimates (Persons in April)","2002","25 - 44 years","Male","Thousand","588.3"
"Population Estimates (Persons in April)","2002","25 - 44 years","Female","Thousand","592"
"Population Estimates (Persons in April)","2002","45 - 64 years","Male","Thousand","419"
"Population Estimates (Persons in April)","2002","45 - 64 years","Female","Thousand","413.1"
"Population Estimates (Persons in April)","2002","65 years and over","Male","Thousand","189.2"
"Population Estimates (Persons in April)","2002","65 years and over","Female","Thousand","246.8"
"Population Estimates (Persons in April)","2003","0 - 14 years","Male","Thousand","427.6"
"Population Estimates (Persons in April)","2003","0 - 14 years","Female","Thousand","407.1"
"Population Estimates (Persons in April)","2003","15 - 24 years","Male","Thousand","322.9"
"Population Estimates (Persons in April)","2003","15 - 24 years","Female","Thousand","315.8"
"Population Estimates (Persons in April)","2003","25 - 44 years","Male","Thousand","603.1"
"Population Estimates (Persons in April)","2003","25 - 44 years","Female","Thousand","606"
"Population Estimates (Persons in April)","2003","45 - 64 years","Male","Thousand","430.9"
"Population Estimates (Persons in April)","2003","45 - 64 years","Female","Thousand","424.6"
"Population Estimates (Persons in April)","2003","65 years and over","Male","Thousand","192.4"
"Population Estimates (Persons in April)","2003","65 years and over","Female","Thousand","249.6"
"Population Estimates (Persons in April)","2004","0 - 14 years","Male","Thousand","432.7"
"Population Estimates (Persons in April)","2004","0 - 14 years","Female","Thousand","411.2"
"Population Estimates (Persons in April)","2004","15 - 24 years","Male","Thousand","320.9"
"Population Estimates (Persons in April)","2004","15 - 24 years","Female","Thousand","313.6"
"Population Estimates (Persons in April)","2004","25 - 44 years","Male","Thousand","619.6"
"Population Estimates (Persons in April)","2004","25 - 44 years","Female","Thousand","620.5"
"Population Estimates (Persons in April)","2004","45 - 64 years","Male","Thousand","442"
"Population Estimates (Persons in April)","2004","45 - 64 years","Female","Thousand","435.2"
"Population Estimates (Persons in April)","2004","65 years and over","Male","Thousand","196.8"
"Population Estimates (Persons in April)","2004","65 years and over","Female","Thousand","252.9"
"Population Estimates (Persons in April)","2005","0 - 14 years","Male","Thousand","438"
"Population Estimates (Persons in April)","2005","0 - 14 years","Female","Thousand","415.6"
"Population Estimates (Persons in April)","2005","15 - 24 years","Male","Thousand","319.8"
"Population Estimates (Persons in April)","2005","15 - 24 years","Female","Thousand","312.5"
"Population Estimates (Persons in April)","2005","25 - 44 years","Male","Thousand","647.7"
"Population Estimates (Persons in April)","2005","25 - 44 years","Female","Thousand","639.6"
"Population Estimates (Persons in April)","2005","45 - 64 years","Male","Thousand","454.4"
"Population Estimates (Persons in April)","2005","45 - 64 years","Female","Thousand","447.6"
"Population Estimates (Persons in April)","2005","65 years and over","Male","Thousand","201.9"
"Population Estimates (Persons in April)","2005","65 years and over","Female","Thousand","257"
"Population Estimates (Persons in April)","2006","0 - 14 years","Male","Thousand","443.5"
"Population Estimates (Persons in April)","2006","0 - 14 years","Female","Thousand","421.6"
"Population Estimates (Persons in April)","2006","15 - 24 years","Male","Thousand","324.2"
"Population Estimates (Persons in April)","2006","15 - 24 years","Female","Thousand","314.2"
"Population Estimates (Persons in April)","2006","25 - 44 years","Male","Thousand","679.7"
"Population Estimates (Persons in April)","2006","25 - 44 years","Female","Thousand","663.6"
"Population Estimates (Persons in April)","2006","45 - 64 years","Male","Thousand","465.4"
"Population Estimates (Persons in April)","2006","45 - 64 years","Female","Thousand","458.4"
"Population Estimates (Persons in April)","2006","65 years and over","Male","Thousand","204.5"
"Population Estimates (Persons in April)","2006","65 years and over","Female","Thousand","257.8"
"Population Estimates (Persons in April)","2007","0 - 14 years","Male","Thousand","453.2"
"Population Estimates (Persons in April)","2007","0 - 14 years","Female","Thousand","431"
"Population Estimates (Persons in April)","2007","15 - 24 years","Male","Thousand","335.1"
"Population Estimates (Persons in April)","2007","15 - 24 years","Female","Thousand","328"
"Population Estimates (Persons in April)","2007","25 - 44 years","Male","Thousand","713.3"
"Population Estimates (Persons in April)","2007","25 - 44 years","Female","Thousand","691.2"
"Population Estimates (Persons in April)","2007","45 - 64 years","Male","Thousand","479.9"
"Population Estimates (Persons in April)","2007","45 - 64 years","Female","Thousand","473.1"
"Population Estimates (Persons in April)","2007","65 years and over","Male","Thousand","209.8"
"Population Estimates (Persons in April)","2007","65 years and over","Female","Thousand","261.2"
"Population Estimates (Persons in April)","2008","0 - 14 years","Male","Thousand","467.5"
"Population Estimates (Persons in April)","2008","0 - 14 years","Female","Thousand","445.9"
"Population Estimates (Persons in April)","2008","15 - 24 years","Male","Thousand","336.1"
"Population Estimates (Persons in April)","2008","15 - 24 years","Female","Thousand","333.1"
"Population Estimates (Persons in April)","2008","25 - 44 years","Male","Thousand","726.6"
"Population Estimates (Persons in April)","2008","25 - 44 years","Female","Thousand","713.3"
"Population Estimates (Persons in April)","2008","45 - 64 years","Male","Thousand","492.2"
"Population Estimates (Persons in April)","2008","45 - 64 years","Female","Thousand","486.6"
"Population Estimates (Persons in April)","2008","65 years and over","Male","Thousand","216.2"
"Population Estimates (Persons in April)","2008","65 years and over","Female","Thousand","267.6"
"Population Estimates (Persons in April)","2009","0 - 14 years","Male","Thousand","479.2"
"Population Estimates (Persons in April)","2009","0 - 14 years","Female","Thousand","457.2"
"Population Estimates (Persons in April)","2009","15 - 24 years","Male","Thousand","323.9"
"Population Estimates (Persons in April)","2009","15 - 24 years","Female","Thousand","324.8"
"Population Estimates (Persons in April)","2009","25 - 44 years","Male","Thousand","726.3"
"Population Estimates (Persons in April)","2009","25 - 44 years","Female","Thousand","721.8"
"Population Estimates (Persons in April)","2009","45 - 64 years","Male","Thousand","503.2"
"Population Estimates (Persons in April)","2009","45 - 64 years","Female","Thousand","498.2"
"Population Estimates (Persons in April)","2009","65 years and over","Male","Thousand","224.8"
"Population Estimates (Persons in April)","2009","65 years and over","Female","Thousand","274.1"
"Population Estimates (Persons in April)","2010","0 - 14 years","Male","Thousand","490.5"
"Population Estimates (Persons in April)","2010","0 - 14 years","Female","Thousand","467.2"
"Population Estimates (Persons in April)","2010","15 - 24 years","Male","Thousand","307.8"
"Population Estimates (Persons in April)","2010","15 - 24 years","Female","Thousand","307.9"
"Population Estimates (Persons in April)","2010","25 - 44 years","Male","Thousand","719.1"
"Population Estimates (Persons in April)","2010","25 - 44 years","Female","Thousand","725.2"
"Population Estimates (Persons in April)","2010","45 - 64 years","Male","Thousand","511.4"
"Population Estimates (Persons in April)","2010","45 - 64 years","Female","Thousand","510.5"
"Population Estimates (Persons in April)","2010","65 years and over","Male","Thousand","233.4"
"Population Estimates (Persons in April)","2010","65 years and over","Female","Thousand","281.7"
"Population Estimates (Persons in April)","2011","0 - 14 years","Male","Thousand","499.9"
"Population Estimates (Persons in April)","2011","0 - 14 years","Female","Thousand","476.8"
"Population Estimates (Persons in April)","2011","15 - 24 years","Male","Thousand","292.3"
"Population Estimates (Persons in April)","2011","15 - 24 years","Female","Thousand","287.3"
"Population Estimates (Persons in April)","2011","25 - 44 years","Male","Thousand","717.8"
"Population Estimates (Persons in April)","2011","25 - 44 years","Female","Thousand","730.8"
"Population Estimates (Persons in April)","2011","45 - 64 years","Male","Thousand","518.9"
"Population Estimates (Persons in April)","2011","45 - 64 years","Female","Thousand","519.5"
"Population Estimates (Persons in April)","2011","65 years and over","Male","Thousand","241.6"
"Population Estimates (Persons in April)","2011","65 years and over","Female","Thousand","290"
"Population Estimates (Persons in April)","2012","0 - 14 years","Male","Thousand","505.4"
"Population Estimates (Persons in April)","2012","0 - 14 years","Female","Thousand","482.6"
"Population Estimates (Persons in April)","2012","15 - 24 years","Male","Thousand","285.8"
"Population Estimates (Persons in April)","2012","15 - 24 years","Female","Thousand","280.7"
"Population Estimates (Persons in April)","2012","25 - 44 years","Male","Thousand","707"
"Population Estimates (Persons in April)","2012","25 - 44 years","Female","Thousand","728.4"
"Population Estimates (Persons in April)","2012","45 - 64 years","Male","Thousand","525.2"
"Population Estimates (Persons in April)","2012","45 - 64 years","Female","Thousand","528.6"
"Population Estimates (Persons in April)","2012","65 years and over","Male","Thousand","251.7"
"Population Estimates (Persons in April)","2012","65 years and over","Female","Thousand","298.4"
"Population Estimates (Persons in April)","2013","0 - 14 years","Male","Thousand","507.8"
"Population Estimates (Persons in April)","2013","0 - 14 years","Female","Thousand","486.2"
"Population Estimates (Persons in April)","2013","15 - 24 years","Male","Thousand","286"
"Population Estimates (Persons in April)","2013","15 - 24 years","Female","Thousand","277.3"
"Population Estimates (Persons in April)","2013","25 - 44 years","Male","Thousand","699"
"Population Estimates (Persons in April)","2013","25 - 44 years","Female","Thousand","722.1"
"Population Estimates (Persons in April)","2013","45 - 64 years","Male","Thousand","531.7"
"Population Estimates (Persons in April)","2013","45 - 64 years","Female","Thousand","535.5"
"Population Estimates (Persons in April)","2013","65 years and over","Male","Thousand","261.7"
"Population Estimates (Persons in April)","2013","65 years and over","Female","Thousand","307.5"
"Population Estimates (Persons in April)","2014","0 - 14 years","Male","Thousand","509.6"
"Population Estimates (Persons in April)","2014","0 - 14 years","Female","Thousand","487.9"
"Population Estimates (Persons in April)","2014","15 - 24 years","Male","Thousand","288.5"
"Population Estimates (Persons in April)","2014","15 - 24 years","Female","Thousand","278.7"
"Population Estimates (Persons in April)","2014","25 - 44 years","Male","Thousand","688.8"
"Population Estimates (Persons in April)","2014","25 - 44 years","Female","Thousand","718.5"
"Population Estimates (Persons in April)","2014","45 - 64 years","Male","Thousand","539.6"
"Population Estimates (Persons in April)","2014","45 - 64 years","Female","Thousand","544.3"
"Population Estimates (Persons in April)","2014","65 years and over","Male","Thousand","272.5"
"Population Estimates (Persons in April)","2014","65 years and over","Female","Thousand","317"
"Population Estimates (Persons in April)","2015","0 - 14 years","Male","Thousand","511.8"
"Population Estimates (Persons in April)","2015","0 - 14 years","Female","Thousand","490"
"Population Estimates (Persons in April)","2015","15 - 24 years","Male","Thousand","291.9"
"Population Estimates (Persons in April)","2015","15 - 24 years","Female","Thousand","279.7"
"Population Estimates (Persons in April)","2015","25 - 44 years","Male","Thousand","682.5"
"Population Estimates (Persons in April)","2015","25 - 44 years","Female","Thousand","718.1"
"Population Estimates (Persons in April)","2015","45 - 64 years","Male","Thousand","548.7"
"Population Estimates (Persons in April)","2015","45 - 64 years","Female","Thousand","554.9"
"Population Estimates (Persons in April)","2015","65 years and over","Male","Thousand","282.8"
"Population Estimates (Persons in April)","2015","65 years and over","Female","Thousand","327.4"
"Population Estimates (Persons in April)","2016","0 - 14 years","Male","Thousand","514.2"
"Population Estimates (Persons in April)","2016","0 - 14 years","Female","Thousand","491.3"
"Population Estimates (Persons in April)","2016","15 - 24 years","Male","Thousand","292.8"
"Population Estimates (Persons in April)","2016","15 - 24 years","Female","Thousand","281.9"
"Population Estimates (Persons in April)","2016","25 - 44 years","Male","Thousand","685.4"
"Population Estimates (Persons in April)","2016","25 - 44 years","Female","Thousand","716.1"
"Population Estimates (Persons in April)","2016","45 - 64 years","Male","Thousand","561"
"Population Estimates (Persons in April)","2016","45 - 64 years","Female","Thousand","567"
"Population Estimates (Persons in April)","2016","65 years and over","Male","Thousand","293.2"
"Population Estimates (Persons in April)","2016","65 years and over","Female","Thousand","336.6"
"Population Estimates (Persons in April)","2017","0 - 14 years","Male","Thousand","516.4"
"Population Estimates (Persons in April)","2017","0 - 14 years","Female","Thousand","494"
"Population Estimates (Persons in April)","2017","15 - 24 years","Male","Thousand","299"
"Population Estimates (Persons in April)","2017","15 - 24 years","Female","Thousand","288"
"Population Estimates (Persons in April)","2017","25 - 44 years","Male","Thousand","685.7"
"Population Estimates (Persons in April)","2017","25 - 44 years","Female","Thousand","717.5"
"Population Estimates (Persons in April)","2017","45 - 64 years","Male","Thousand","574.9"
"Population Estimates (Persons in April)","2017","45 - 64 years","Female","Thousand","583"
"Population Estimates (Persons in April)","2017","65 years and over","Male","Thousand","304.8"
"Population Estimates (Persons in April)","2017","65 years and over","Female","Thousand","347.6"
"Population Estimates (Persons in April)","2018","0 - 14 years","Male","Thousand","519.3"
"Population Estimates (Persons in April)","2018","0 - 14 years","Female","Thousand","495.1"
"Population Estimates (Persons in April)","2018","15 - 24 years","Male","Thousand","310.4"
"Population Estimates (Persons in April)","2018","15 - 24 years","Female","Thousand","298.8"
"Population Estimates (Persons in April)","2018","25 - 44 years","Male","Thousand","685.9"
"Population Estimates (Persons in April)","2018","25 - 44 years","Female","Thousand","716.9"
"Population Estimates (Persons in April)","2018","45 - 64 years","Male","Thousand","586.9"
"Population Estimates (Persons in April)","2018","45 - 64 years","Female","Thousand","595.2"
"Population Estimates (Persons in April)","2018","65 years and over","Male","Thousand","317"
"Population Estimates (Persons in April)","2018","65 years and over","Female","Thousand","359.4"
"Population Estimates (Persons in April)","2019","0 - 14 years","Male","Thousand","520.8"
"Population Estimates (Persons in April)","2019","0 - 14 years","Female","Thousand","494.7"
"Population Estimates (Persons in April)","2019","15 - 24 years","Male","Thousand","316.9"
"Population Estimates (Persons in April)","2019","15 - 24 years","Female","Thousand","306.9"
"Population Estimates (Persons in April)","2019","25 - 44 years","Male","Thousand","688.1"
"Population Estimates (Persons in April)","2019","25 - 44 years","Female","Thousand","717.9"
"Population Estimates (Persons in April)","2019","45 - 64 years","Male","Thousand","601.4"
"Population Estimates (Persons in April)","2019","45 - 64 years","Female","Thousand","610.3"
"Population Estimates (Persons in April)","2019","65 years and over","Male","Thousand","329.1"
"Population Estimates (Persons in April)","2019","65 years and over","Female","Thousand","372.3"
"Population Estimates (Persons in April)","2020","0 - 14 years","Male","Thousand","519.9"
"Population Estimates (Persons in April)","2020","0 - 14 years","Female","Thousand","493.7"
"Population Estimates (Persons in April)","2020","15 - 24 years","Male","Thousand","324.8"
"Population Estimates (Persons in April)","2020","15 - 24 years","Female","Thousand","313.1"
"Population Estimates (Persons in April)","2020","25 - 44 years","Male","Thousand","690.9"
"Population Estimates (Persons in April)","2020","25 - 44 years","Female","Thousand","721.1"
"Population Estimates (Persons in April)","2020","45 - 64 years","Male","Thousand","614.2"
"Population Estimates (Persons in April)","2020","45 - 64 years","Female","Thousand","626"
"Population Estimates (Persons in April)","2020","65 years and over","Male","Thousand","341.9"
"Population Estimates (Persons in April)","2020","65 years and over","Female","Thousand","384.2"
"Population Estimates (Persons in April)","2021","0 - 14 years","Male","Thousand","515.7"
"Population Estimates (Persons in April)","2021","0 - 14 years","Female","Thousand","491.9"
"Population Estimates (Persons in April)","2021","15 - 24 years","Male","Thousand","325.9"
"Population Estimates (Persons in April)","2021","15 - 24 years","Female","Thousand","314.4"
"Population Estimates (Persons in April)","2021","25 - 44 years","Male","Thousand","690.4"
"Population Estimates (Persons in April)","2021","25 - 44 years","Female","Thousand","721.6"
"Population Estimates (Persons in April)","2021","45 - 64 years","Male","Thousand","629.6"
"Population Estimates (Persons in April)","2021","45 - 64 years","Female","Thousand","637.8"
"Population Estimates (Persons in April)","2021","65 years and over","Male","Thousand","352.5"
"Population Estimates (Persons in April)","2021","65 years and over","Female","Thousand","395"
"Population Estimates (Persons in April)","2022","0 - 14 years","Male","Thousand","519"
"Population Estimates (Persons in April)","2022","0 - 14 years","Female","Thousand","495.3"
"Population Estimates (Persons in April)","2022","15 - 24 years","Male","Thousand","330.6"
"Population Estimates (Persons in April)","2022","15 - 24 years","Female","Thousand","319.1"
"Population Estimates (Persons in April)","2022","25 - 44 years","Male","Thousand","696.9"
"Population Estimates (Persons in April)","2022","25 - 44 years","Female","Thousand","737.3"
"Population Estimates (Persons in April)","2022","45 - 64 years","Male","Thousand","647.2"
"Population Estimates (Persons in April)","2022","45 - 64 years","Female","Thousand","657.3"
"Population Estimates (Persons in April)","2022","65 years and over","Male","Thousand","368.2"
"Population Estimates (Persons in April)","2022","65 years and over","Female","Thousand","413.1"
"Population Estimates (Persons in April)","2023","0 - 14 years","Male","Thousand","516.5"
"Population Estimates (Persons in April)","2023","0 - 14 years","Female","Thousand","495.1"
"Population Estimates (Persons in April)","2023","15 - 24 years","Male","Thousand","340"
"Population Estimates (Persons in April)","2023","15 - 24 years","Female","Thousand","327.2"
"Population Estimates (Persons in April)","2023","25 - 44 years","Male","Thousand","708.2"
"Population Estimates (Persons in April)","2023","25 - 44 years","Female","Thousand","749.6"
"Population Estimates (Persons in April)","2023","45 - 64 years","Male","Thousand","661.5"
"Population Estimates (Persons in April)","2023","45 - 64 years","Female","Thousand","677.2"
"Population Estimates (Persons in April)","2023","65 years and over","Male","Thousand","379.9"
"Population Estimates (Persons in April)","2023","65 years and over","Female","Thousand","426.4"
